{
    "prepare_queue": {
        "installed": [],
        "uninstalled": []
    },
    "config_munge": {
        "files": {
            "config.xml": {
                "parents": {
                    "/*": [
                        {
                            "xml": "<feature name=\"facedetector\"><param name=\"ios-package\" value=\"CDVezARFaceDetector\" /></feature>",
                            "count": 1
                        },
                        {
                            "xml": "<feature name=\"flashlight\"><param name=\"ios-package\" value=\"CDVezARFlashlight\" /></feature>",
                            "count": 1
                        },
                        {
                            "xml": "<feature name=\"snapshot\"><param name=\"ios-package\" value=\"CDVezARSnapshot\" /></feature>",
                            "count": 1
                        },
                        {
                            "xml": "<feature name=\"videoOverlay\"><param name=\"ios-package\" value=\"CDVezARVideoOverlay\" /></feature>",
                            "count": 1
                        }
                    ]
                }
            },
            "*-Info.plist": {
                "parents": {
                    "NSPhotoLibraryUsageDescription": [
                        {
                            "xml": "<string> </string>",
                            "count": 1
                        }
                    ],
                    "NSCameraUsageDescription": [
                        {
                            "xml": "<string> </string>",
                            "count": 1
                        }
                    ]
                }
            }
        }
    },
    "installed_plugins": {
        "com.ezartech.ezar.facedetector": {
            "PACKAGE_NAME": "com.ezartech.demo.helloezar"
        },
        "com.ezartech.ezar.flashlight": {
            "PACKAGE_NAME": "com.ezartech.demo.helloezar"
        },
        "com.ezartech.ezar.snapshot": {
            "PHOTOLIBRARY_USAGE_DESCRIPTION": " ",
            "PACKAGE_NAME": "com.ezartech.demo.helloezar"
        },
        "com.ezartech.ezar.videooverlay": {
            "CAMERA_USAGE_DESCRIPTION": " ",
            "PACKAGE_NAME": "com.ezartech.demo.helloezar"
        },
        "cordova-plugin-whitelist": {
            "PACKAGE_NAME": "com.ezartech.demo.helloezar"
        }
    },
    "dependent_plugins": {},
    "modules": [
        {
            "id": "com.ezartech.ezar.facedetector.FaceInfo",
            "file": "plugins/com.ezartech.ezar.facedetector/www/FaceInfo.js",
            "pluginId": "com.ezartech.ezar.facedetector",
            "clobbers": [
                "FaceInfo"
            ]
        },
        {
            "id": "com.ezartech.ezar.facedetector.facedetector",
            "file": "plugins/com.ezartech.ezar.facedetector/www/facedetector.js",
            "pluginId": "com.ezartech.ezar.facedetector",
            "merges": [
                "ezar"
            ]
        },
        {
            "id": "com.ezartech.ezar.flashlight.flashlight",
            "file": "plugins/com.ezartech.ezar.flashlight/www/flashlight.js",
            "pluginId": "com.ezartech.ezar.flashlight",
            "merges": [
                "ezar"
            ]
        },
        {
            "id": "com.ezartech.ezar.snapshot.snapshot",
            "file": "plugins/com.ezartech.ezar.snapshot/www/snapshot.js",
            "pluginId": "com.ezartech.ezar.snapshot",
            "merges": [
                "ezar"
            ]
        },
        {
            "id": "com.ezartech.ezar.videooverlay.videoOverlay",
            "file": "plugins/com.ezartech.ezar.videooverlay/www/videoOverlay.js",
            "pluginId": "com.ezartech.ezar.videooverlay",
            "merges": [
                "ezar"
            ]
        },
        {
            "id": "com.ezartech.ezar.videooverlay.camera",
            "file": "plugins/com.ezartech.ezar.videooverlay/www/camera.js",
            "pluginId": "com.ezartech.ezar.videooverlay",
            "clobbers": [
                "camera"
            ]
        }
    ],
    "plugin_metadata": {
        "com.ezartech.ezar.facedetector": "0.2.0",
        "com.ezartech.ezar.flashlight": "0.2.2",
        "com.ezartech.ezar.snapshot": "0.2.7",
        "com.ezartech.ezar.videooverlay": "0.2.11",
        "cordova-plugin-whitelist": "1.3.2"
    }
}